{"cameraMode":{"drawMode":0,"name":"Shaded","section":"Shading Mode"},"sceneLighting":true,"audioPlay":false,"sceneViewState":{"showFog":false,"showMaterialUpdate":false,"showSkybox":false,"showFlares":false,"showImageEffects":false,"showParticleSystems":true},"in2DMode":false,"pivot":{"x":33.6790771484375,"y":-7.6905517578125,"z":-48.37681579589844},"rotation":{"x":0.40837711095809939,"y":0.4680120646953583,"z":-0.25831305980682375,"w":0.7399103045463562},"size":39.220848083496097,"orthographic":false}