{"cameraMode":{"drawMode":0,"name":"Shaded","section":"Shading Mode"},"sceneLighting":true,"audioPlay":false,"sceneViewState":{"showFog":false,"showMaterialUpdate":false,"showSkybox":false,"showFlares":false,"showImageEffects":false,"showParticleSystems":true},"in2DMode":false,"pivot":{"x":17.68536949157715,"y":-15.31692886352539,"z":-24.464475631713868},"rotation":{"x":0.008450808934867382,"y":0.9284892082214356,"z":-0.3706590235233307,"w":0.021175816655158998},"size":45.766693115234378,"orthographic":false}