{"cameraMode":{"drawMode":0,"name":"Shaded","section":"Shading Mode"},"sceneLighting":false,"audioPlay":false,"sceneViewState":{"showFog":false,"showMaterialUpdate":false,"showSkybox":false,"showFlares":false,"showImageEffects":false,"showParticleSystems":true},"in2DMode":false,"pivot":{"x":-2.050726890563965,"y":0.956002950668335,"z":-1.270212173461914},"rotation":{"x":0.03385576605796814,"y":-0.9562276601791382,"z":0.1228964552283287,"w":0.2633989453315735},"size":4.814427375793457,"orthographic":false}